Inf;Player;Age;Club;Transfer Value;Division;Based In;Best Pos;Minutes;xA/90;Possession Lost per 90;Key Passes per 90;Progressive Passes per 90;Chances Created per 90;Asts/90;Open Play Key Passes per 90;Headers Lost per 90;Open Play Crosses Completed per 90;Open Play Crosses Attempted per 90;Crosses Attempted per 90;Crosses Completed per 90;Headers Won Percentage;Tackles Completed per 90;Headers Attempted per 90;Headers Won;Headers Attempted;Open Play Crosses Attempted;Crosses Attempted;NP-xG;Red cards;Passes Attempted per 90;Sprints/90;Yellow Cards;xG-OP;xG;Crosses Completed;xA;Conv %;Shots on Target Percentage;Open Play Crosses Completed;Clear Cut Chances Created;Shts Blckd/90;Blk/90;Clearances per 90;Key Tackles per 90;Possession Won per 90;Pres A/90;Pres C/90;Shots on Target per 90;Shots From Outside The Box Per 90 minutes;Shot/90;Dribbles;Open Play Cross Completion Percentage;Key Headers per 90;Headers Won per 90;NP-xG/90;Goals per 90 minutes;xG/90;Passes Completed per 90;Crosses Completed Ratio;Dribbles per 90;Tackle Completion Percentage;Interceptions per 90;Dist/90;Pass Completion Percentage;Mistakes Leading to Goals;Rating
Wnt;Mathias Ross;28;Plymouth;£15M - £18M;Premier League;England;D (C);1111;0.0;3.9;0.4;1.5;0.2;0.1;0.4;1.0;0.0;0.0;0.0;0.0;73;1.0;3.6;33;45;0;0;0.25;0;40.4;3.3;1;-0.25;0.25;0;0.61;0%;100%;0;2;0.6;0.7;1.0;0.2;9.3;4.1;0.6;0.2;0.1;0.2;2;0;0.6;2.7;0.0;0.0;0.0;38.0;0;0.2;75;4.0;10.3;94%;1;6.91
;Nathan Baxter;31;Plymouth;£100K - £425K;Premier League;England;GK;135;0.0;9.3;0.0;2.0;0.0;0.0;0.0;0.0;0.0;0.0;0.0;0.0;0;0.0;0.0;0;0;0;0;0;0;20.7;0.0;0;0;0;0;0;0%;0%;0;0;0.0;0.0;5.3;0.0;8.7;0.0;0.0;0.0;0.0;0.0;0;0;0.0;0.0;0.0;0.0;0.0;13.3;0;0.0;0;0.0;3.8;65%;0;6.55
Inj;Lorent Tolaj;28;Plymouth;£6.6M - £7.2M;Premier League;England;ST (C);532;0.0;4.7;0.7;0.8;0.2;0.0;0.7;6.6;0.0;0.0;0.0;0.0;15;0.3;7.8;7;46;0;0;1.55;0;25.5;19.1;0;0.68;2.32;0;0.16;30%;80%;0;1;0.2;0.2;0.5;0.0;2.9;2.9;1.2;1.4;0.7;1.7;2;0;0.2;1.2;0.3;0.5;0.4;22.3;0;0.3;29;1.7;12.9;87%;0;6.56
;Sam McClelland;27;Plymouth;£5.6M - £6.8M;Premier League;England;D (C);959;0.0;3.5;0.3;2.0;0.1;0.1;0.3;1.8;0.0;0.0;0.0;0.0;67;0.8;5.3;38;57;0;0;0.47;0;35.3;3.1;1;-0.47;0.47;0;0.33;0%;25%;0;1;0.6;0.8;1.7;0.3;8.0;2.3;0.8;0.1;0.0;0.4;0;0;0.7;3.6;0.0;0.0;0.0;32.4;0;0.0;62;2.1;9.9;92%;0;6.69
;Dennis Cirkin;27;Plymouth;£9.2M - £11M;Premier League;England;D (L);359;0.1;9.8;1.0;7.0;0.5;0.0;0.8;1.3;1.3;3.5;5.0;1.5;50;2.3;2.5;5;10;14;20;0.13;0;48.1;21.8;1;-0.13;0.13;6;0.29;0%;0%;5;2;0.3;0.8;0.8;0.3;11.8;9.3;2.8;0.0;0.8;0.8;11;36;0.3;1.3;0.0;0.0;0.0;42.9;30;2.8;75;4.5;13.0;89%;0;6.70
;Charlie Kirk;17;Plymouth;£21M - £35M;Premier League;England;D (L);905;0.2;15.5;2.3;6.4;0.5;0.2;1.5;0.6;0.7;1.6;6.9;1.3;90;2.0;6.0;54;60;16;69;0.81;0;58.9;14.8;4;-0.58;1.58;13;1.94;8%;31%;7;5;0.6;0.9;1.0;0.1;18.0;8.2;1.7;0.4;0.6;1.3;29;44;1.8;5.4;0.1;0.1;0.2;50.3;18;2.9;65;6.9;13.1;85%;0;7.12
;Ollie O'Neill;26;Plymouth;£9.2M - £10M;Premier League;England;AM (L);828;0.3;12.0;2.1;4.7;1.1;0.2;2.1;3.0;0.3;2.4;2.5;0.3;40;1.7;5.1;19;47;22;23;2.68;0;42.8;22.0;0;-1.68;2.68;3;2.85;6%;35%;3;10;0.1;0.1;1.0;0.0;6.0;8.4;2.3;0.7;0.8;1.8;29;14;0.3;2.1;0.3;0.1;0.3;37.5;13;3.2;89;1.6;13.1;88%;0;6.64
;Sam Tickle;27;Plymouth;£3.9M - £5.4M;Premier League;England;GK;1215;0.0;10.5;0.0;1.2;0.0;0.0;0.0;0.0;0.0;0.0;0.0;0.0;0;0.0;0.0;0;0;0;0;0;0;23.3;0.1;0;0;0;0;0;0%;0%;0;0;0.0;0.0;4.7;0.0;9.7;0.0;0.0;0.0;0.0;0.0;0;0;0.0;0.0;0.0;0.0;0.0;15.3;0;0.0;0;0.5;4.1;65%;1;6.94
;Daichi Kamada;33;Plymouth;£1.6M - £3.4M;Premier League;England;M (C);114;0.3;13.4;3.2;4.7;0.8;0.8;1.6;0.8;0.0;0.8;7.9;0.8;50;0.0;1.6;1;2;1;10;0.08;0;59.2;9.5;0;-0.08;0.08;1;0.42;0%;50%;0;1;0.0;0.0;1.6;0.0;10.3;7.9;1.6;0.8;1.6;1.6;0;0;0.0;0.8;0.1;0.0;0.1;52.1;10;0.0;0;3.9;13.7;88%;0;6.90
Loa;Jeong Sang-Bin;27;Plymouth;£1.4M - £3M;Premier League;England;AM (L);87;0.4;7.2;3.1;5.2;1.0;0.0;3.1;7.2;1.0;2.1;2.1;1.0;0;1.0;7.2;0;7;2;2;0.19;0;39.3;16.6;0;-0.19;0.19;1;0.34;0%;0%;1;1;0.0;0.0;0.0;0.0;2.1;2.1;1.0;0.0;0.0;1.0;1;50;0.0;0.0;0.2;0.0;0.2;33.1;50;1.0;100;1.0;0.0;84%;0;6.60
;Martin Adeline;25;Plymouth;£1.7M - £2.3M;Premier League;England;M (C);179;0.1;4.0;1.5;1.0;0.0;0.0;1.5;6.5;0.0;0.0;0.0;0.0;28;0.0;9.1;5;18;0;0;0.09;0;18.1;13.6;0;-0.09;0.09;0;0.18;0%;50%;0;0;0.0;0.0;0.0;0.0;2.5;3.0;0.5;0.5;1.0;1.0;1;0;0.0;2.5;0.0;0.0;0.0;15.6;0;0.5;0;0.0;12.1;86%;0;6.50
Wnt;Agustín Giay;25;Plymouth;£9.4M - £12.5M;Premier League;England;D (R);749;0.0;8.4;0.7;5.9;0.1;0.0;0.7;1.7;0.1;1.1;1.1;0.1;52;1.8;3.5;15;29;9;9;0.41;1;50.2;12.6;0;0.59;0.41;1;0.24;20%;40%;1;1;0.0;0.0;1.9;0.2;9.4;4.9;1.3;0.2;0.4;0.6;14;11;0.0;1.8;0.0;0.1;0.0;44.6;11;1.7;71;3.0;12.4;89%;0;6.78
Wnt;Sammy Braybrooke;25;Plymouth;£6.8M - £9M;Premier League;England;DM;1116;0.1;8.1;1.9;9.3;0.3;0.1;1.9;1.3;0.1;0.2;0.2;0.1;11;2.1;1.5;2;18;2;2;1.92;0;63.6;13.9;1;2.08;1.92;1;1.4;17%;57%;1;4;0.5;0.6;1.5;0.1;7.3;8.6;2.6;1.0;1.2;1.9;6;50;0.0;0.2;0.2;0.3;0.2;57.2;50;0.5;70;3.0;12.9;90%;1;7.05
;Sota Kitano;25;Plymouth;£5M - £5.6M;Premier League;England;AM (R);784;0.5;14.2;3.2;6.7;1.1;0.5;3.2;3.1;1.6;5.1;5.2;1.6;10;3.2;3.4;3;30;44;45;1.29;0;47.5;21.0;1;0.71;1.29;14;3.95;12%;47%;14;10;0.2;0.6;1.3;0.0;7.6;13.1;3.6;0.9;1.3;2.0;39;32;0.0;0.3;0.1;0.2;0.1;42.4;31;4.5;82;3.2;13.2;89%;0;7.09
;Stefan Bajčetić;25;Plymouth;£12M - £15.5M;Premier League;England;DM;515;0.2;4.4;0.9;4.4;0.3;0.3;0.9;3.5;0.0;0.0;0.0;0.0;17;0.9;4.2;4;24;0;0;0.51;0;45.3;12.9;0;0.49;0.51;0;0.89;11%;33%;0;2;1.2;1.2;0.5;0.0;8.4;6.1;1.9;0.5;1.4;1.6;0;0;0.2;0.7;0.1;0.2;0.1;41.8;0;0.0;50;3.3;12.5;92%;0;6.97
;Caleb Wiley;24;Plymouth;£1.4M - £3.1M;Premier League;England;WB (L);243;0.3;14.1;2.6;6.7;1.1;0.0;2.2;1.1;0.0;1.5;6.7;0.7;70;3.0;3.7;7;10;4;18;0.26;0;49.3;21.5;1;-0.26;0.26;2;0.7;0%;67%;0;3;0.7;1.1;0.7;0.0;17.0;12.6;4.1;0.7;0.7;1.1;5;0;0.0;2.6;0.1;0.0;0.1;43.7;11;1.9;80;7.0;14.0;89%;0;6.80
Wnt;Alex Matos;25;Plymouth;£8.2M - £9M;Premier League;England;DM;897;0.0;5.3;1.1;4.6;0.0;0.0;1.1;1.5;0.0;0.0;0.0;0.0;42;1.2;2.6;11;26;0;0;0.32;0;48.8;12.2;2;-0.32;0.32;0;0.38;0%;22%;0;0;0.7;0.7;1.5;0.1;8.9;5.5;1.8;0.2;0.8;0.9;4;0;0.5;1.1;0.0;0.0;0.0;44.3;0;0.4;75;3.2;12.5;91%;0;6.83
;Mason Munn;23;Plymouth;£1.2M - £1.7M;Premier League;England;GK;0;0.0;0.0;0.0;0.0;0.0;0.0;0.0;0.0;0.0;0.0;0.0;0.0;0;0.0;0.0;0;0;0;0;0;0;0.0;0.0;0;0;0;0;0;0%;0%;0;0;0.0;0.0;0.0;0.0;0.0;0.0;0.0;0.0;0.0;0.0;0;0;0.0;0.0;0.0;0.0;0.0;0.0;0;0.0;0;0.0;0.0;0%;0;-
;Joel Ndala;23;Plymouth;£15M - £16.5M;Premier League;England;AM (L);454;0.2;10.3;1.6;2.2;1.0;0.2;1.6;2.8;1.2;5.4;5.6;1.2;18;2.4;3.4;3;17;27;28;2.01;0;37.7;14.1;0;-0.01;2.01;6;1;11%;56%;6;5;0.2;0.2;0.6;0.0;7.3;11.3;3.6;2.0;2.2;3.6;20;22;0.0;0.6;0.4;0.4;0.4;34.9;21;4.0;100;1.4;13.2;93%;0;6.78
;Tyrique George;23;Plymouth;£15M - £16.5M;Premier League;England;AM (C);542;0.2;18.6;2.8;5.1;0.3;0.2;2.3;1.7;1.0;4.5;7.0;1.3;55;1.3;3.7;12;22;27;42;0.85;0;48.5;17.1;1;0.15;0.85;8;0.99;5%;58%;6;2;0.0;0.0;0.3;0.0;5.0;9.8;1.7;1.8;2.5;3.2;26;22;0.0;2.0;0.1;0.2;0.1;39.5;19;4.3;67;1.5;13.1;82%;0;6.70
Loa;Gabby Kingdom-Herrera;19;Plymouth;£28K - £275K;Premier League;England;D (C);0;0.0;0.0;0.0;0.0;0.0;0.0;0.0;0.0;0.0;0.0;0.0;0.0;0;0.0;0.0;0;0;0;0;0;0;0.0;0.0;0;0;0;0;0;0%;0%;0;0;0.0;0.0;0.0;0.0;0.0;0.0;0.0;0.0;0.0;0.0;0;0;0.0;0.0;0.0;0.0;0.0;0.0;0;0.0;0;0.0;0.0;0%;0;-
Loa;Dane Garnham;19;Plymouth;£350K - £650K;Premier League;England;AM (R);0;0.0;0.0;0.0;0.0;0.0;0.0;0.0;0.0;0.0;0.0;0.0;0.0;0;0.0;0.0;0;0;0;0;0;0;0.0;0.0;0;0;0;0;0;0%;0%;0;0;0.0;0.0;0.0;0.0;0.0;0.0;0.0;0.0;0.0;0.0;0;0;0.0;0.0;0.0;0.0;0.0;0.0;0;0.0;0;0.0;0.0;0%;0;-
Inj;Matthew Moore;19;Plymouth;£13M - £19M;Premier League;England;D (C);428;0.0;6.9;0.2;3.4;0.0;0.0;0.2;2.1;0.0;0.0;0.0;0.0;58;0.6;5.0;14;24;0;0;0.02;0;37.2;4.6;0;-0.02;0.02;0;0.07;0%;0%;0;0;1.1;1.1;3.2;0.0;9.0;3.4;1.3;0.0;0.2;0.2;0;0;0.0;2.9;0.0;0.0;0.0;32.6;0;0.0;60;4.2;10.2;88%;0;6.82
;Harry Scott;20;Plymouth;£6.8M - £8M;Premier League;England;AM (C);90;0.3;8.0;0.0;2.0;0.0;1.0;0.0;3.0;0.0;0.0;0.0;0.0;25;0.0;4.0;1;4;0;0;1.72;0;37.0;2.0;0;0.28;1.72;0;0.35;29%;43%;0;0;0.0;0.0;1.0;0.0;3.0;8.0;2.0;3.0;2.0;7.0;2;0;0.0;1.0;1.7;2.0;1.7;30.0;0;2.0;0;0.0;11.9;81%;0;8.80
;Benjamin Fredrick;24;Plymouth;£2.3M;Premier League;England;D (C);0;0.0;0.0;0.0;0.0;0.0;0.0;0.0;0.0;0.0;0.0;0.0;0.0;0;0.0;0.0;0;0;0;0;0;0;0.0;0.0;0;0;0;0;0;0%;0%;0;0;0.0;0.0;0.0;0.0;0.0;0.0;0.0;0.0;0.0;0.0;0;0;0.0;0.0;0.0;0.0;0.0;0.0;0;0.0;0;0.0;0.0;0%;0;-
ESC;Kuryu Matsuki;26;Plymouth;£11M - £14M;Premier League;England;M (C);961;0.3;12.3;2.5;3.6;0.9;0.3;1.9;3.8;0.5;1.0;5.1;1.1;35;0.8;5.9;22;63;11;54;5.17;0;49.9;18.4;4;-1.17;5.17;12;3.48;14%;54%;5;10;0.3;0.3;0.7;0.2;4.5;3.9;0.8;1.4;0.7;2.6;19;45;0.1;2.1;0.5;0.4;0.5;43.5;22;1.8;75;2.0;13.7;87%;0;6.96
;Josh Stokes;25;Plymouth;£3.2M - £6.8M;Premier League;England;AM (C);280;0.1;14.1;1.9;3.5;0.0;0.3;1.9;1.3;0.6;2.9;2.9;0.6;0;1.6;1.3;0;4;9;9;0.14;0;42.8;15.1;0;-0.14;0.14;2;0.33;0%;0%;2;0;0.0;0.0;1.0;0.0;7.1;8.7;1.9;0.0;1.0;1.3;7;22;0.0;0.0;0.0;0.0;0.0;37.0;22;2.2;83;2.6;13.3;86%;0;6.64
;Rafita;25;Plymouth;£4.6M - £5.8M;Premier League;England;D (R);646;0.2;6.8;0.6;5.0;0.6;0.4;0.6;2.5;0.1;1.4;1.4;0.1;25;2.0;3.3;6;24;10;10;0.88;0;46.4;14.8;1;0.12;0.88;1;1.48;10%;30%;1;4;0.1;0.3;2.1;0.0;10.3;5.7;2.0;0.4;1.0;1.4;8;10;0.0;0.8;0.1;0.1;0.1;42.2;10;1.1;78;3.8;12.9;91%;0;6.96
Loa;Leo McCormick;20;Plymouth;£325K - £600K;Premier League;England;GK;0;0.0;0.0;0.0;0.0;0.0;0.0;0.0;0.0;0.0;0.0;0.0;0.0;0;0.0;0.0;0;0;0;0;0;0;0.0;0.0;0;0;0;0;0;0%;0%;0;0;0.0;0.0;0.0;0.0;0.0;0.0;0.0;0.0;0.0;0.0;0;0;0.0;0.0;0.0;0.0;0.0;0.0;0;0.0;0;0.0;0.0;0%;0;-
;Robert Megson;19;Plymouth;£29M - £35M;Premier League;England;ST (C);612;0.0;5.4;0.7;0.6;0.0;0.0;0.7;5.3;0.0;0.1;0.1;0.0;46;0.1;9.9;31;67;1;1;2.4;0;20.1;14.7;0;0.6;2.4;0;0.33;20%;53%;0;0;0.0;0.0;0.6;0.0;2.6;1.3;0.3;1.2;0.6;2.2;1;0;0.7;4.6;0.4;0.4;0.4;16.0;0;0.1;20;0.9;12.4;80%;0;6.70
Loa;Robert Cawood;18;Plymouth;£26K - £275K;Premier League;England;D (C);0;0.0;0.0;0.0;0.0;0.0;0.0;0.0;0.0;0.0;0.0;0.0;0.0;0;0.0;0.0;0;0;0;0;0;0;0.0;0.0;0;0;0;0;0;0%;0%;0;0;0.0;0.0;0.0;0.0;0.0;0.0;0.0;0.0;0.0;0.0;0;0;0.0;0.0;0.0;0.0;0.0;0.0;0;0.0;0;0.0;0.0;0%;0;-
Loa;Chris Cervantes;18;Plymouth;£4K - £240K;Premier League;England;M (C);0;0.0;0.0;0.0;0.0;0.0;0.0;0.0;0.0;0.0;0.0;0.0;0.0;0;0.0;0.0;0;0;0;0;0;0;0.0;0.0;0;0;0;0;0;0%;0%;0;0;0.0;0.0;0.0;0.0;0.0;0.0;0.0;0.0;0.0;0.0;0;0;0.0;0.0;0.0;0.0;0.0;0.0;0;0.0;0;0.0;0.0;0%;0;-
Loa;Ernest Obeng;18;Plymouth;£4K - £50K;Premier League;England;GK;0;0.0;0.0;0.0;0.0;0.0;0.0;0.0;0.0;0.0;0.0;0.0;0.0;0;0.0;0.0;0;0;0;0;0;0;0.0;0.0;0;0;0;0;0;0%;0%;0;0;0.0;0.0;0.0;0.0;0.0;0.0;0.0;0.0;0.0;0.0;0;0;0.0;0.0;0.0;0.0;0.0;0.0;0;0.0;0;0.0;0.0;0%;0;-
Inj;Jack Smith;18;Plymouth;£16K - £160K;Premier League;England;AM (R);0;0.0;0.0;0.0;0.0;0.0;0.0;0.0;0.0;0.0;0.0;0.0;0.0;0;0.0;0.0;0;0;0;0;0;0;0.0;0.0;0;0;0;0;0;0%;0%;0;0;0.0;0.0;0.0;0.0;0.0;0.0;0.0;0.0;0.0;0.0;0;0;0.0;0.0;0.0;0.0;0.0;0.0;0;0.0;0;0.0;0.0;0%;0;-
Inj;Bevan Wiles-Richards;17;Plymouth;£1.2M - £2.1M;Premier League;England;AM (R);0;0.0;0.0;0.0;0.0;0.0;0.0;0.0;0.0;0.0;0.0;0.0;0.0;0;0.0;0.0;0;0;0;0;0;0;0.0;0.0;0;0;0;0;0;0%;0%;0;0;0.0;0.0;0.0;0.0;0.0;0.0;0.0;0.0;0.0;0.0;0;0;0.0;0.0;0.0;0.0;0.0;0.0;0;0.0;0;0.0;0.0;0%;0;-
Yth;Sam Foyle;17;Plymouth;£1K - £18K;Premier League;England;AM (R);0;0.0;0.0;0.0;0.0;0.0;0.0;0.0;0.0;0.0;0.0;0.0;0.0;0;0.0;0.0;0;0;0;0;0;0;0.0;0.0;0;0;0;0;0;0%;0%;0;0;0.0;0.0;0.0;0.0;0.0;0.0;0.0;0.0;0.0;0.0;0;0;0.0;0.0;0.0;0.0;0.0;0.0;0;0.0;0;0.0;0.0;0%;0;-
;Nathaniel Nasiru;17;Plymouth;£275K - £1.5M;Premier League;England;M (C);0;0.0;0.0;0.0;0.0;0.0;0.0;0.0;0.0;0.0;0.0;0.0;0.0;0;0.0;0.0;0;0;0;0;0;0;0.0;0.0;0;0;0;0;0;0%;0%;0;0;0.0;0.0;0.0;0.0;0.0;0.0;0.0;0.0;0.0;0.0;0;0;0.0;0.0;0.0;0.0;0.0;0.0;0;0.0;0;0.0;0.0;0%;0;-
;Bevan Dacombe;17;Plymouth;£500K - £900K;Premier League;England;AM (L);0;0.0;0.0;0.0;0.0;0.0;0.0;0.0;0.0;0.0;0.0;0.0;0.0;0;0.0;0.0;0;0;0;0;0;0;0.0;0.0;0;0;0;0;0;0%;0%;0;0;0.0;0.0;0.0;0.0;0.0;0.0;0.0;0.0;0.0;0.0;0;0;0.0;0.0;0.0;0.0;0.0;0.0;0;0.0;0;0.0;0.0;0%;0;-
Loa;Clive Scott;17;Plymouth;£1K - £18K;Premier League;England;AM (L);0;0.0;0.0;0.0;0.0;0.0;0.0;0.0;0.0;0.0;0.0;0.0;0.0;0;0.0;0.0;0;0;0;0;0;0;0.0;0.0;0;0;0;0;0;0%;0%;0;0;0.0;0.0;0.0;0.0;0.0;0.0;0.0;0.0;0.0;0.0;0;0;0.0;0.0;0.0;0.0;0.0;0.0;0;0.0;0;0.0;0.0;0%;0;-
Loa;Suleiman John;18;Plymouth;£1.5K - £18K;Premier League;England;D (R);0;0.0;0.0;0.0;0.0;0.0;0.0;0.0;0.0;0.0;0.0;0.0;0.0;0;0.0;0.0;0;0;0;0;0;0;0.0;0.0;0;0;0;0;0;0%;0%;0;0;0.0;0.0;0.0;0.0;0.0;0.0;0.0;0.0;0.0;0.0;0;0;0.0;0.0;0.0;0.0;0.0;0.0;0;0.0;0;0.0;0.0;0%;0;-
Loa;Rob Miller;17;Plymouth;£40K - £85K;Premier League;England;M (R);0;0.0;0.0;0.0;0.0;0.0;0.0;0.0;0.0;0.0;0.0;0.0;0.0;0;0.0;0.0;0;0;0;0;0;0;0.0;0.0;0;0;0;0;0;0%;0%;0;0;0.0;0.0;0.0;0.0;0.0;0.0;0.0;0.0;0.0;0.0;0;0;0.0;0.0;0.0;0.0;0.0;0.0;0;0.0;0;0.0;0.0;0%;0;-
;Leigh Jaenicke;17;Plymouth;£1.1M - £1.9M;Premier League;England;D (L);0;0.0;0.0;0.0;0.0;0.0;0.0;0.0;0.0;0.0;0.0;0.0;0.0;0;0.0;0.0;0;0;0;0;0;0;0.0;0.0;0;0;0;0;0;0%;0%;0;0;0.0;0.0;0.0;0.0;0.0;0.0;0.0;0.0;0.0;0.0;0;0;0.0;0.0;0.0;0.0;0.0;0.0;0;0.0;0;0.0;0.0;0%;0;-
Yth;David Brown;16;Plymouth;£0 - £70K;Premier League;England;D (L);0;0.0;0.0;0.0;0.0;0.0;0.0;0.0;0.0;0.0;0.0;0.0;0.0;0;0.0;0.0;0;0;0;0;0;0;0.0;0.0;0;0;0;0;0;0%;0%;0;0;0.0;0.0;0.0;0.0;0.0;0.0;0.0;0.0;0.0;0.0;0;0;0.0;0.0;0.0;0.0;0.0;0.0;0;0.0;0;0.0;0.0;0%;0;-
Yth;Brett Richards;16;Plymouth;£45K - £425K;Premier League;England;M (R);0;0.0;0.0;0.0;0.0;0.0;0.0;0.0;0.0;0.0;0.0;0.0;0.0;0;0.0;0.0;0;0;0;0;0;0;0.0;0.0;0;0;0;0;0;0%;0%;0;0;0.0;0.0;0.0;0.0;0.0;0.0;0.0;0.0;0.0;0.0;0;0;0.0;0.0;0.0;0.0;0.0;0.0;0;0.0;0;0.0;0.0;0%;0;-
;George Jordan-Munday;17;Plymouth;£650K - £1.1M;Premier League;England;D (C);0;0.0;0.0;0.0;0.0;0.0;0.0;0.0;0.0;0.0;0.0;0.0;0.0;0;0.0;0.0;0;0;0;0;0;0;0.0;0.0;0;0;0;0;0;0%;0%;0;0;0.0;0.0;0.0;0.0;0.0;0.0;0.0;0.0;0.0;0.0;0;0;0.0;0.0;0.0;0.0;0.0;0.0;0;0.0;0;0.0;0.0;0%;0;-
Yth;Arran Clark;16;Plymouth;£3K - £28K;Premier League;England;D (C);0;0.0;0.0;0.0;0.0;0.0;0.0;0.0;0.0;0.0;0.0;0.0;0.0;0;0.0;0.0;0;0;0;0;0;0;0.0;0.0;0;0;0;0;0;0%;0%;0;0;0.0;0.0;0.0;0.0;0.0;0.0;0.0;0.0;0.0;0.0;0;0;0.0;0.0;0.0;0.0;0.0;0.0;0;0.0;0;0.0;0.0;0%;0;-
;Jamie Brierley;17;Plymouth;£16K - £150K;Premier League;England;M (C);0;0.0;0.0;0.0;0.0;0.0;0.0;0.0;0.0;0.0;0.0;0.0;0.0;0;0.0;0.0;0;0;0;0;0;0;0.0;0.0;0;0;0;0;0;0%;0%;0;0;0.0;0.0;0.0;0.0;0.0;0.0;0.0;0.0;0.0;0.0;0;0;0.0;0.0;0.0;0.0;0.0;0.0;0;0.0;0;0.0;0.0;0%;0;-
Yth;Conner Marley;17;Plymouth;£8K - £80K;Premier League;England;M (L);0;0.0;0.0;0.0;0.0;0.0;0.0;0.0;0.0;0.0;0.0;0.0;0.0;0;0.0;0.0;0;0;0;0;0;0;0.0;0.0;0;0;0;0;0;0%;0%;0;0;0.0;0.0;0.0;0.0;0.0;0.0;0.0;0.0;0.0;0.0;0;0;0.0;0.0;0.0;0.0;0.0;0.0;0;0.0;0;0.0;0.0;0%;0;-
